Sample_No,Timestamps,Temperature,Humidity,TGS2620,TGS2610,TGS2602,TGS2603,TGS822,TGS2600,TGS826,MQ138,Acetone_Conc.,Model
0,5/4/23 16:04,23.6,54.5,1.43,0.908,0.35,0.894,1.43,0.35,0.894,0.908,2,0.3547438928
0,5/4/23 16:04,23.6,54.5,1.43,0.908,0.351,0.896,1.43,0.351,0.896,0.907,2,0.3557574468
0,5/4/23 16:04,23.6,54.5,1.43,0.906,0.352,0.897,1.43,0.352,0.897,0.906,2,0.3567710008
0,5/4/23 16:04,23.6,54.5,1.43,0.905,0.352,0.897,1.43,0.352,0.897,0.905,2,0.3567710008
0,5/4/23 16:04,23.6,54.5,1.43,0.905,0.351,0.898,1.43,0.351,0.898,0.905,2,0.3557574468
0,5/4/23 16:04,23.6,54.5,1.43,0.904,0.35,0.898,1.43,0.35,0.898,0.904,2,0.3547438928
0,5/4/23 16:04,23.6,54.5,1.43,0.904,0.349,0.897,1.42,0.349,0.897,0.904,2,0.3537303388
0,5/4/23 16:04,23.6,54.5,1.42,0.903,0.346,0.895,1.42,0.346,0.895,0.903,2,0.3506896769
0,5/4/23 16:04,23.6,54.6,1.42,0.902,0.344,0.893,1.42,0.344,0.893,0.902,2,0.3493023168
0,5/4/23 16:04,23.6,54.6,1.42,0.901,0.344,0.891,1.42,0.344,0.891,0.901,2,0.3493023168
0,5/4/23 16:04,23.6,54.6,1.42,0.9,0.344,0.889,1.42,0.344,0.889,0.9,2,0.3493023168
0,5/4/23 16:04,23.6,54.6,1.42,0.899,0.344,0.888,1.42,0.344,0.888,0.899,2,0.3493023168
0,5/4/23 16:05,23.6,54.6,1.42,0.898,0.345,0.887,1.42,0.345,0.887,0.898,2,0.3503177305
0,5/4/23 16:05,23.6,54.7,1.42,0.897,0.346,0.886,1.42,0.346,0.886,0.897,2,0.3519766115
0,5/4/23 16:05,23.5,54.7,1.42,0.897,0.346,0.885,1.42,0.346,0.885,0.897,2,0.3504851852
0,5/4/23 16:05,23.5,54.7,1.42,0.897,0.345,0.885,1.42,0.345,0.884,0.897,2,0.3494722222
0,5/4/23 16:05,23.5,54.7,1.42,0.897,0.345,0.884,1.42,0.345,0.885,0.897,2,0.3494722222
0,5/4/23 16:05,23.5,54.7,1.42,0.897,0.345,0.884,1.42,0.345,0.884,0.896,2,0.3494722222
0,5/4/23 16:05,23.5,54.8,1.42,0.896,0.345,0.883,1.42,0.345,0.883,0.896,2,0.3501111111
0,5/4/23 16:05,23.5,54.8,1.42,0.896,0.344,0.883,1.42,0.344,0.883,0.896,2,0.3490962963
0,5/4/23 16:05,23.5,54.9,1.42,0.895,0.344,0.882,1.42,0.344,0.882,0.895,2,0.3497333333
0,5/4/23 16:05,23.5,54.9,1.42,0.895,0.344,0.882,1.42,0.344,0.882,0.895,2,0.3497333333
0,5/4/23 16:05,23.4,54.9,1.42,0.894,0.344,0.882,1.42,0.344,0.882,0.894,2,0.3482451064
0,5/4/23 16:05,23.4,54.9,1.42,0.893,0.346,0.882,1.42,0.346,0.882,0.893,2,0.3502697872
0,5/4/23 16:06,23.4,55,1.42,0.893,0.347,0.883,1.42,0.347,0.883,0.893,2,0.3519219858
0,5/4/23 16:06,23.4,55,1.42,0.893,0.346,0.883,1.42,0.347,0.883,0.893,2,0.3509078014
0,5/4/23 16:06,23.4,55,1.42,0.892,0.347,0.883,1.42,0.347,0.883,0.891,2,0.3519219858
0,5/4/23 16:06,23.4,55,1.42,0.89,0.349,0.884,1.42,0.349,0.884,0.89,2,0.3539503546
0,5/4/23 16:06,23.4,55.1,1.42,0.89,0.351,0.886,1.42,0.352,0.886,0.89,2,0.3566259574
0,5/4/23 16:06,23.4,55.1,1.42,0.89,0.351,0.886,1.42,0.351,0.886,0.89,2,0.3566259574
0,5/4/23 16:06,23.4,55.1,1.42,0.889,0.35,0.886,1.42,0.35,0.886,0.889,2,0.3556099291
0,5/4/23 16:06,23.4,55.1,1.42,0.889,0.35,0.886,1.42,0.35,0.886,0.889,2,0.3556099291
0,5/4/23 16:06,23.3,55.1,1.42,0.887,0.349,0.885,1.42,0.35,0.885,0.887,2,0.3530785422
0,5/4/23 16:06,23.3,55.1,1.42,0.885,0.349,0.884,1.42,0.349,0.884,0.885,2,0.3530785422
0,5/4/23 16:06,23.5,55.3,1.42,0.885,0.348,0.884,1.42,0.348,0.884,0.885,2,0.3563777778
0,5/4/23 16:06,23.3,55.2,1.42,0.886,0.348,0.884,1.42,0.348,0.884,0.885,2,0.3527058156
0,5/4/23 16:07,23.3,55.2,1.42,0.884,0.348,0.883,1.42,0.348,0.883,0.884,2,0.3527058156
0,5/4/23 16:07,23.3,55.2,1.41,0.882,0.348,0.883,1.41,0.348,0.883,0.882,2,0.3527058156
0,5/4/23 16:07,23.3,55.2,1.41,0.881,0.348,0.883,1.41,0.348,0.883,0.88,2,0.3527058156
0,5/4/23 16:07,23.3,55.2,1.41,0.877,0.348,0.883,1.41,0.348,0.883,0.877,2,0.3527058156
0,5/4/23 16:07,23.3,55.2,1.41,0.877,0.349,0.884,1.41,0.349,0.884,0.876,2,0.3537193381
0,5/4/23 16:07,23.3,55.2,1.41,0.876,0.35,0.885,1.41,0.35,0.885,0.876,2,0.3547328605
0,5/4/23 16:07,23.4,55.3,1.41,0.875,0.349,0.885,1.41,0.349,0.885,0.875,2,0.3558809929
0,5/4/23 16:07,23.4,55.3,1.41,0.873,0.348,0.884,1.41,0.348,0.884,0.873,2,0.3548612766
0,5/4/23 16:07,23.3,55.2,1.41,0.873,0.348,0.884,1.41,0.348,0.884,0.873,2,0.3527058156
0,5/4/23 16:07,23.4,55.3,1.41,0.875,0.347,0.884,1.41,0.347,0.884,0.875,2,0.3538415603
0,5/4/23 16:07,23.3,55.2,1.41,0.875,0.346,0.883,1.41,0.345,0.883,0.875,2,0.3506787707
0,5/4/23 16:07,23.3,55.2,1.41,0.874,0.344,0.883,1.41,0.345,0.883,0.874,2,0.3486517258
0,5/4/23 16:08,23.3,55.2,1.41,0.874,0.344,0.883,1.41,0.344,0.883,0.874,2,0.3486517258
0,5/4/23 16:08,23.3,55.2,1.41,0.873,0.344,0.883,1.41,0.344,0.883,0.873,2,0.3486517258
0,5/4/23 16:08,23.3,55.2,1.41,0.872,0.345,0.884,1.41,0.345,0.884,0.872,2,0.3496652482
0,5/4/23 16:08,23.3,55.2,1.41,0.871,0.346,0.885,1.41,0.346,0.885,0.871,2,0.3506787707
0,5/4/23 16:08,23.4,55.2,1.41,0.87,0.345,0.885,1.41,0.345,0.885,0.87,2,0.3511659574
0,5/4/23 16:08,23.3,55.2,1.41,0.868,0.344,0.885,1.41,0.344,0.885,0.868,2,0.3486517258
0,5/4/23 16:08,23.4,55.2,1.41,0.867,0.341,0.885,1.41,0.341,0.885,0.867,2,0.3470944681
0,5/4/23 16:08,23.4,55.2,1.41,0.866,0.339,0.884,1.41,0.339,0.884,0.866,2,0.3450587234
0,5/4/23 16:08,23.5,55.2,1.41,0.865,0.34,0.884,1.41,0.34,0.884,0.864,2,0.3475555556
0,5/4/23 16:08,23.5,55.2,1.41,0.863,0.34,0.884,1.41,0.34,0.884,0.863,2,0.3475555556
0,5/4/23 16:08,23.5,55.1,1.41,0.862,0.341,0.885,1.41,0.341,0.885,0.862,2,0.3479462963
0,5/4/23 16:08,23.5,55.1,1.41,0.861,0.343,0.886,1.41,0.343,0.886,0.861,2,0.349987037
0,5/4/23 16:09,23.5,55,1.41,0.86,0.344,0.886,1.41,0.344,0.886,0.86,2,0.3503703704
0,5/4/23 16:09,23.5,55,1.41,0.859,0.344,0.886,1.41,0.345,0.886,0.859,2,0.3503703704
0,5/4/23 16:09,23.5,55,1.42,0.86,0.345,0.887,1.42,0.345,0.887,0.86,2,0.3513888889
0,5/4/23 16:09,23.5,55,1.42,0.861,0.347,0.889,1.42,0.347,0.889,0.861,2,0.3534259259
0,5/4/23 16:09,23.5,55,1.42,0.86,0.35,0.887,1.42,0.35,0.887,0.86,2,0.3564814815
0,5/4/23 16:09,23.5,55.1,1.42,0.86,0.351,0.886,1.42,0.351,0.885,0.86,2,0.35815
0,5/4/23 16:09,23.5,55.3,1.43,0.862,0.35,0.886,1.43,0.35,0.886,0.862,2,0.3584259259
0,5/4/23 16:09,23.5,55.4,1.43,0.861,0.351,0.884,1.43,0.352,0.884,0.862,2,0.3601
0,5/4/23 16:09,23.6,55.6,1.43,0.861,0.352,0.882,1.43,0.352,0.882,0.861,2,0.3639718834
0,5/4/23 16:09,23.6,55.7,1.43,0.862,0.352,0.88,1.43,0.352,0.88,0.862,2,0.3646265091
0,5/4/23 16:09,23.6,55.5,1.43,0.863,0.351,0.878,1.43,0.351,0.878,0.863,2,0.3622851064
0,5/4/23 16:09,23.6,55.3,1.43,0.863,0.348,0.876,1.43,0.348,0.876,0.863,2,0.357894279
0,5/4/23 16:10,23.6,55.2,1.42,0.863,0.345,0.875,1.42,0.345,0.875,0.863,2,0.3541673759
0,5/4/23 16:10,23.5,55.1,1.42,0.863,0.342,0.873,1.42,0.342,0.873,0.863,2,0.3489666667
0,5/4/23 16:10,23.5,55.1,1.42,0.862,0.341,0.872,1.42,0.341,0.872,0.862,2,0.3479462963
0,5/4/23 16:10,23.5,55.1,1.42,0.863,0.34,0.872,1.42,0.34,0.872,0.863,2,0.3469259259
0,5/4/23 16:10,23.5,55.1,1.42,0.863,0.34,0.872,1.42,0.34,0.872,0.863,2,0.3469259259
0,5/4/23 16:10,23.5,55.1,1.42,0.863,0.34,0.872,1.42,0.34,0.872,0.863,2,0.3469259259
0,5/4/23 16:10,23.5,55.1,1.42,0.861,0.34,0.872,1.42,0.34,0.872,0.861,2,0.3469259259
0,5/4/23 16:10,23.5,55.2,1.42,0.862,0.341,0.873,1.42,0.341,0.872,0.862,2,0.3485777778
0,5/4/23 16:10,23.5,55.2,1.42,0.859,0.34,0.871,1.42,0.34,0.871,0.859,2,0.3475555556
0,5/4/23 16:10,23.5,55.3,1.42,0.859,0.341,0.872,1.42,0.341,0.872,0.859,2,0.3492092593
0,5/4/23 16:10,23.5,55.3,1.42,0.859,0.341,0.872,1.42,0.341,0.872,0.859,2,0.3492092593
0,5/4/23 16:10,23.4,55.3,1.42,0.858,0.339,0.872,1.42,0.339,0.872,0.858,2,0.3456838298
0,5/4/23 16:11,23.4,55.3,1.42,0.858,0.341,0.873,1.42,0.341,0.873,0.858,2,0.3477232624
0,5/4/23 16:11,23.4,55.3,1.42,0.859,0.342,0.874,1.42,0.342,0.874,0.859,2,0.3487429787
0,5/4/23 16:11,23.4,55.3,1.42,0.859,0.344,0.876,1.42,0.344,0.876,0.859,2,0.3507824113
0,5/4/23 16:11,23.4,55.4,1.42,0.859,0.346,0.877,1.42,0.346,0.877,0.859,2,0.3534598582
0,5/4/23 16:11,23.4,55.4,1.42,0.858,0.347,0.879,1.42,0.348,0.879,0.858,2,0.3544814184
0,5/4/23 16:11,23.4,55.5,1.42,0.855,0.349,0.882,1.42,0.349,0.882,0.855,2,0.3571680851
0,5/4/23 16:11,23.5,55.5,1.42,0.853,0.35,0.884,1.42,0.35,0.885,0.852,2,0.3597222222
0,5/4/23 16:11,23.5,55.5,1.42,0.851,0.351,0.887,1.42,0.351,0.887,0.851,2,0.36075
0,5/4/23 16:11,23.5,55.5,1.42,0.85,0.352,0.889,1.42,0.352,0.889,0.85,2,0.3617777778
0,5/4/23 16:11,23.5,55.5,1.42,0.849,0.352,0.89,1.42,0.352,0.89,0.849,2,0.3617777778
0,5/4/23 16:11,23.5,55.5,1.42,0.848,0.351,0.89,1.42,0.351,0.89,0.848,2,0.36075
0,5/4/23 16:11,23.5,55.5,1.42,0.846,0.351,0.89,1.42,0.351,0.89,0.846,2,0.36075
0,5/4/23 16:12,23.5,55.5,1.42,0.846,0.35,0.891,1.42,0.35,0.891,0.846,2,0.3597222222
0,5/4/23 16:12,23.5,55.5,1.42,0.847,0.349,0.891,1.42,0.349,0.891,0.847,2,0.3586944444
0,5/4/23 16:12,23.6,55.5,1.43,0.848,0.347,0.891,1.43,0.347,0.891,0.848,2,0.3581565012
0,5/4/23 16:12,23.6,55.5,1.43,0.848,0.346,0.89,1.43,0.346,0.89,0.848,2,0.3571243499
0,5/4/23 16:12,23.6,55.4,1.43,0.847,0.345,0.889,1.43,0.345,0.889,0.847,2,0.355450591
0,5/4/23 16:12,23.6,55.3,1.42,0.846,0.344,0.887,1.42,0.344,0.887,0.846,2,0.3537805516
0,5/4/23 16:12,23.6,55.3,1.42,0.845,0.343,0.886,1.42,0.343,0.886,0.845,2,0.3527521198
0,5/4/23 16:12,23.6,55.3,1.42,0.846,0.342,0.885,1.42,0.342,0.885,0.846,2,0.3517236879
0,5/4/23 16:12,23.6,55.3,1.42,0.845,0.342,0.885,1.42,0.342,0.885,0.845,2,0.3517236879
0,5/4/23 16:12,23.6,55.3,1.42,0.843,0.342,0.885,1.42,0.342,0.885,0.843,2,0.3517236879
0,5/4/23 16:12,23.6,55.3,1.42,0.842,0.341,0.884,1.42,0.341,0.884,0.842,2,0.3506952561
0,5/4/23 16:12,23.6,55.3,1.42,0.842,0.341,0.884,1.42,0.341,0.884,0.842,2,0.3506952561
0,5/4/23 16:13,23.6,55.2,1.42,0.841,0.339,0.884,1.42,0.339,0.884,0.841,2,0.3480079433
0,5/4/23 16:13,23.6,55.2,1.42,0.84,0.339,0.884,1.42,0.339,0.884,0.84,2,0.3480079433
0,5/4/23 16:13,23.6,55.2,1.42,0.839,0.337,0.883,1.42,0.337,0.882,0.839,2,0.3459547991
0,5/4/23 16:13,23.6,55.2,1.42,0.839,0.335,0.882,1.42,0.335,0.882,0.839,2,0.3439016548
0,5/4/23 16:13,23.5,55.2,1.42,0.838,0.334,0.881,1.42,0.334,0.881,0.838,2,0.3414222222
0,5/4/23 16:13,23.5,55.2,1.42,0.837,0.333,0.88,1.42,0.333,0.88,0.837,2,0.3404
0,5/4/23 16:13,23.6,55.2,1.42,0.837,0.334,0.879,1.42,0.334,0.879,0.837,2,0.3428750827
0,5/4/23 16:13,23.5,55.2,1.42,0.836,0.335,0.877,1.42,0.335,0.877,0.836,2,0.3424444444
0,5/4/23 16:13,23.5,55.2,1.42,0.836,0.336,0.875,1.42,0.336,0.875,0.835,2,0.3434666667
0,5/4/23 16:13,23.5,55.2,1.42,0.836,0.337,0.874,1.42,0.337,0.874,0.836,2,0.3444888889
0,5/4/23 16:13,23.5,55.3,1.42,0.836,0.338,0.873,1.42,0.338,0.873,0.836,2,0.346137037
0,5/4/23 16:13,23.5,55.3,1.42,0.835,0.338,0.872,1.42,0.338,0.872,0.835,2,0.346137037
0,5/4/23 16:14,23.5,55.3,1.42,0.834,0.337,0.871,1.42,0.337,0.871,0.834,2,0.345112963
0,5/4/23 16:14,23.5,55.4,1.41,0.833,0.337,0.871,1.41,0.337,0.871,0.833,2,0.345737037
0,5/4/23 16:14,23.5,55.4,1.41,0.833,0.337,0.871,1.42,0.337,0.871,0.833,2,0.345737037
0,5/4/23 16:14,23.5,55.4,1.42,0.833,0.338,0.872,1.42,0.338,0.872,0.833,2,0.346762963
0,5/4/23 16:14,23.5,55.4,1.42,0.832,0.339,0.872,1.41,0.339,0.872,0.832,2,0.3477888889
0,5/4/23 16:14,23.5,55.4,1.41,0.832,0.339,0.872,1.41,0.339,0.872,0.832,2,0.3477888889
0,5/4/23 16:14,23.4,55.5,1.41,0.832,0.339,0.871,1.41,0.339,0.871,0.832,2,0.3469340426
0,5/4/23 16:14,23.4,55.5,1.42,0.832,0.338,0.871,1.42,0.338,0.871,0.832,2,0.3459106383
0,5/4/23 16:14,23.4,55.5,1.42,0.832,0.337,0.87,1.42,0.337,0.87,0.832,2,0.344887234
0,5/4/23 16:14,23.4,55.5,1.42,0.831,0.336,0.87,1.42,0.336,0.87,0.831,2,0.3438638298
0,5/4/23 16:14,23.4,55.5,1.41,0.83,0.335,0.87,1.41,0.335,0.87,0.83,2,0.3428404255
0,5/4/23 16:14,23.4,55.6,1.41,0.829,0.336,0.87,1.41,0.336,0.87,0.829,2,0.3444834043
0,5/4/23 16:15,23.4,55.6,1.41,0.83,0.338,0.871,1.41,0.338,0.871,0.83,2,0.3465339007
0,5/4/23 16:15,23.4,55.6,1.42,0.83,0.339,0.871,1.42,0.339,0.871,0.83,2,0.3475591489
0,5/4/23 16:15,23.4,55.6,1.42,0.829,0.338,0.872,1.42,0.338,0.872,0.83,2,0.3465339007
0,5/4/23 16:15,23.4,55.6,1.41,0.829,0.338,0.872,1.41,0.338,0.872,0.829,2,0.3465339007
0,5/4/23 16:15,23.4,55.6,1.41,0.827,0.338,0.872,1.41,0.338,0.872,0.827,2,0.3465339007
0,5/4/23 16:15,23.4,55.7,1.41,0.826,0.338,0.872,1.41,0.338,0.872,0.826,2,0.3471571631
0,5/4/23 16:15,23.4,55.7,1.41,0.826,0.338,0.872,1.41,0.339,0.872,0.826,2,0.3471571631
0,5/4/23 16:15,23.4,55.7,1.41,0.826,0.338,0.871,1.41,0.338,0.871,0.826,2,0.3471571631
0,5/4/23 16:15,23.3,55.7,1.41,0.826,0.337,0.87,1.41,0.337,0.87,0.826,2,0.3446508826
0,5/4/23 16:15,23.3,55.8,1.41,0.826,0.337,0.869,1.41,0.337,0.869,0.826,2,0.3452696454
0,5/4/23 16:15,23.3,55.8,1.41,0.826,0.336,0.868,1.41,0.336,0.868,0.826,2,0.3442451064
0,5/4/23 16:15,23.3,55.8,1.41,0.826,0.336,0.868,1.41,0.336,0.867,0.825,2,0.3442451064
0,5/4/23 16:16,23.3,55.8,1.41,0.825,0.337,0.867,1.41,0.337,0.867,0.825,2,0.3452696454
0,5/4/23 16:16,23.3,55.8,1.41,0.825,0.338,0.868,1.41,0.338,0.868,0.825,2,0.3462941844
0,5/4/23 16:16,23.3,55.8,1.41,0.824,0.338,0.869,1.41,0.338,0.869,0.824,2,0.3462941844
0,5/4/23 16:16,23.3,55.8,1.41,0.822,0.338,0.87,1.41,0.338,0.87,0.822,2,0.3462941844
0,5/4/23 16:16,23.3,55.8,1.41,0.822,0.34,0.871,1.41,0.34,0.871,0.822,2,0.3483432624
0,5/4/23 16:16,23.3,55.8,1.41,0.821,0.341,0.873,1.41,0.341,0.873,0.821,2,0.3493678014
0,5/4/23 16:16,23.3,55.8,1.41,0.82,0.343,0.875,1.41,0.343,0.875,0.82,2,0.3514168794
0,5/4/23 16:16,23.3,55.8,1.41,0.819,0.348,0.878,1.41,0.348,0.878,0.819,2,0.3565395745
0,5/4/23 16:16,23.4,55.8,1.41,0.819,0.35,0.882,1.41,0.35,0.882,0.819,2,0.3601276596
0,5/4/23 16:16,23.4,55.8,1.41,0.816,0.349,0.884,1.41,0.349,0.884,0.816,2,0.3590987234
0,5/4/23 16:16,23.4,55.7,1.41,0.815,0.349,0.886,1.41,0.349,0.886,0.815,2,0.3584551773
0,5/4/23 16:16,23.4,55.7,1.42,0.815,0.349,0.888,1.42,0.349,0.888,0.815,2,0.3584551773
0,5/4/23 16:17,23.4,55.7,1.42,0.814,0.349,0.889,1.42,0.349,0.889,0.813,2,0.3584551773
0,5/4/23 16:17,23.5,55.7,1.42,0.812,0.346,0.886,1.42,0.346,0.886,0.812,2,0.3568925926
0,5/4/23 16:17,23.5,55.7,1.41,0.81,0.342,0.883,1.41,0.342,0.883,0.81,2,0.3527666667
0,5/4/23 16:17,23.5,55.7,1.41,0.809,0.339,0.88,1.41,0.339,0.88,0.809,2,0.3496722222
0,5/4/23 16:17,23.4,55.6,1.41,0.809,0.338,0.877,1.41,0.338,0.877,0.808,2,0.3465339007
0,5/4/23 16:17,23.4,55.6,1.41,0.808,0.337,0.874,1.41,0.337,0.874,0.808,2,0.3455086525
0,5/4/23 16:17,23.4,55.6,1.41,0.809,0.335,0.872,1.41,0.335,0.872,0.809,2,0.343458156
0,5/4/23 16:17,23.4,55.7,1.41,0.81,0.335,0.871,1.41,0.336,0.871,0.81,2,0.3440758865
0,5/4/23 16:17,23.4,55.7,1.41,0.81,0.338,0.871,1.41,0.338,0.871,0.809,2,0.3471571631
0,5/4/23 16:17,23.4,55.7,1.41,0.809,0.34,0.872,1.41,0.34,0.872,0.808,2,0.3492113475
0,5/4/23 16:17,23.4,55.7,1.41,0.807,0.342,0.874,1.41,0.342,0.874,0.807,2,0.3512655319
0,5/4/23 16:17,23.4,55.7,1.41,0.807,0.344,0.876,1.41,0.344,0.876,0.807,2,0.3533197163
0,5/4/23 16:18,23.4,55.6,1.41,0.806,0.346,0.878,1.41,0.346,0.878,0.807,2,0.3547358865
0,5/4/23 16:18,23.4,55.6,1.41,0.806,0.348,0.881,1.41,0.348,0.881,0.806,2,0.356786383
0,5/4/23 16:18,23.5,55.6,1.41,0.806,0.349,0.883,1.41,0.349,0.883,0.806,2,0.3593407407
0,5/4/23 16:18,23.5,55.6,1.41,0.805,0.35,0.885,1.41,0.35,0.885,0.805,2,0.3603703704
0,5/4/23 16:18,23.5,55.6,1.41,0.804,0.349,0.885,1.41,0.349,0.885,0.804,2,0.3593407407
0,5/4/23 16:18,23.5,55.6,1.41,0.804,0.348,0.883,1.41,0.348,0.883,0.804,2,0.3583111111
0,5/4/23 16:18,23.5,55.6,1.41,0.803,0.345,0.881,1.41,0.345,0.881,0.803,2,0.3552222222
0,5/4/23 16:18,23.5,55.6,1.41,0.803,0.342,0.879,1.41,0.342,0.879,0.803,2,0.3521333333
0,5/4/23 16:18,23.5,55.6,1.41,0.803,0.34,0.877,1.41,0.34,0.877,0.803,2,0.3500740741
0,5/4/23 16:18,23.4,55.6,1.41,0.803,0.339,0.875,1.41,0.339,0.875,0.803,2,0.3475591489
0,5/4/23 16:18,23.4,55.6,1.41,0.803,0.339,0.874,1.41,0.339,0.874,0.803,2,0.3475591489
0,5/4/23 16:18,23.4,55.7,1.41,0.803,0.341,0.874,1.41,0.341,0.874,0.803,2,0.3502384397
0,5/4/23 16:19,23.4,55.7,1.41,0.803,0.343,0.874,1.41,0.343,0.874,0.803,2,0.3522926241
0,5/4/23 16:19,23.4,55.7,1.41,0.803,0.343,0.874,1.41,0.343,0.874,0.803,2,0.3522926241
0,5/4/23 16:19,23.4,55.7,1.41,0.803,0.343,0.874,1.41,0.343,0.875,0.803,2,0.3522926241
0,5/4/23 16:19,23.4,55.7,1.41,0.803,0.344,0.875,1.41,0.344,0.875,0.803,2,0.3533197163
0,5/4/23 16:19,23.4,55.7,1.41,0.803,0.342,0.874,1.41,0.342,0.874,0.803,2,0.3512655319
0,5/4/23 16:19,23.3,55.7,1.41,0.802,0.341,0.873,1.41,0.341,0.873,0.802,2,0.3487416942
0,5/4/23 16:19,23.3,55.7,1.41,0.802,0.341,0.873,1.41,0.341,0.873,0.802,2,0.3487416942
0,5/4/23 16:19,23.3,55.7,1.41,0.802,0.341,0.873,1.41,0.341,0.873,0.802,2,0.3487416942
0,5/4/23 16:19,23.3,55.7,1.41,0.802,0.341,0.872,1.41,0.341,0.872,0.802,2,0.3487416942
0,5/4/23 16:19,23.3,55.7,1.41,0.802,0.341,0.872,1.41,0.341,0.872,0.802,2,0.3487416942
0,5/4/23 16:19,23.3,55.7,1.41,0.802,0.339,0.872,1.41,0.339,0.872,0.802,2,0.3466962884
0,5/4/23 16:19,23.3,55.7,1.41,0.802,0.338,0.872,1.41,0.338,0.872,0.802,2,0.3456735855
0,5/4/23 16:20,23.4,55.7,1.41,0.802,0.338,0.873,1.41,0.338,0.873,0.802,2,0.3471571631
0,5/4/23 16:20,23.4,55.7,1.41,0.801,0.337,0.873,1.41,0.337,0.873,0.801,2,0.3461300709
0,5/4/23 16:20,23.4,55.7,1.41,0.801,0.337,0.874,1.41,0.337,0.874,0.801,2,0.3461300709
0,5/4/23 16:20,23.4,55.7,1.41,0.8,0.338,0.874,1.41,0.338,0.874,0.8,2,0.3471571631
0,5/4/23 16:20,23.4,55.7,1.41,0.799,0.338,0.873,1.41,0.338,0.873,0.799,2,0.3471571631
0,5/4/23 16:20,23.4,55.7,1.41,0.799,0.337,0.872,1.41,0.337,0.872,0.799,2,0.3461300709
0,5/4/23 16:20,23.4,55.7,1.41,0.799,0.336,0.871,1.41,0.336,0.871,0.799,2,0.3451029787
0,5/4/23 16:20,23.5,55.7,1.41,0.799,0.335,0.871,1.41,0.335,0.871,0.799,2,0.3455462963
0,5/4/23 16:20,23.5,55.7,1.41,0.798,0.337,0.871,1.41,0.337,0.871,0.798,2,0.3476092593
0,5/4/23 16:20,23.5,55.6,1.41,0.798,0.338,0.872,1.41,0.338,0.872,0.798,2,0.3480148148
0,5/4/23 16:20,23.5,55.6,1.41,0.799,0.337,0.873,1.41,0.338,0.873,0.799,2,0.3469851852
0,5/4/23 16:20,23.4,55.5,1.41,0.798,0.336,0.873,1.41,0.336,0.873,0.798,2,0.3438638298
1,5/4/23 16:21,23.5,55.5,1.41,0.793,0.333,0.87,1.41,0.333,0.87,0.793,2,0.34225
1,5/4/23 16:21,23.5,55.5,1.41,0.792,0.332,0.869,1.41,0.332,0.869,0.792,2,0.3412222222
1,5/4/23 16:21,23.6,55.5,1.41,0.791,0.332,0.869,1.41,0.332,0.869,0.791,2,0.3426742317
1,5/4/23 16:21,23.6,55.4,1.41,0.791,0.333,0.869,1.41,0.334,0.869,0.791,2,0.3430870922
1,5/4/23 16:21,23.6,55.4,1.41,0.79,0.335,0.87,1.41,0.335,0.87,0.79,2,0.3451476753
1,5/4/23 16:21,23.6,55.3,1.41,0.79,0.335,0.871,1.41,0.335,0.871,0.79,2,0.3445246651
1,5/4/23 16:21,23.6,55.3,1.41,0.79,0.335,0.872,1.41,0.335,0.872,0.79,2,0.3445246651
1,5/4/23 16:21,23.6,55.3,1.41,0.789,0.336,0.873,1.41,0.336,0.873,0.789,2,0.3455530969
1,5/4/23 16:22,23.6,55.3,1.41,0.789,0.335,0.873,1.41,0.335,0.873,0.789,2,0.3445246651
1,5/4/23 16:22,23.7,55.3,1.41,0.788,0.335,0.873,1.41,0.335,0.873,0.788,2,0.3459845154
1,5/4/23 16:22,23.7,55.3,1.41,0.788,0.335,0.873,1.41,0.335,0.873,0.788,2,0.3459845154
1,5/4/23 16:22,23.7,55.3,1.41,0.787,0.335,0.873,1.41,0.335,0.873,0.787,2,0.3459845154
1,5/4/23 16:22,23.7,55.3,1.41,0.787,0.335,0.873,1.41,0.335,0.873,0.787,2,0.3459845154
1,5/4/23 16:22,23.7,55.3,1.41,0.786,0.335,0.873,1.41,0.335,0.873,0.786,2,0.3459845154
1,5/4/23 16:22,23.7,55.3,1.41,0.785,0.336,0.874,1.41,0.336,0.874,0.785,2,0.347017305
1,5/4/23 16:22,23.7,55.3,1.41,0.784,0.338,0.875,1.41,0.338,0.875,0.784,2,0.3490828842
1,5/4/23 16:22,23.7,55.2,1.41,0.784,0.339,0.876,1.41,0.339,0.876,0.784,2,0.3494825532
1,5/4/23 16:22,23.7,55.2,1.41,0.784,0.34,0.878,1.41,0.34,0.878,0.784,2,0.3505134752
1,5/4/23 16:22,23.7,55.1,1.41,0.784,0.342,0.88,1.41,0.342,0.88,0.784,2,0.3519365957
1,5/4/23 16:22,23.7,55.1,1.41,0.783,0.344,0.883,1.41,0.344,0.883,0.783,2,0.3539947045
1,5/4/23 16:23,23.7,55.1,1.41,0.782,0.346,0.884,1.41,0.346,0.884,0.782,2,0.3560528132
1,5/4/23 16:23,23.7,55,1.41,0.782,0.345,0.885,1.41,0.345,0.885,0.782,2,0.3543794326
1,5/4/23 16:23,23.7,55,1.41,0.781,0.342,0.886,1.41,0.342,0.886,0.781,2,0.3512978723
1,5/4/23 16:23,23.7,55,1.41,0.78,0.341,0.886,1.41,0.34,0.886,0.78,2,0.3502706856
1,5/4/23 16:23,23.7,55,1.41,0.78,0.338,0.884,1.41,0.338,0.884,0.78,2,0.3471891253
1,5/4/23 16:23,23.8,55,1.41,0.779,0.338,0.883,1.41,0.338,0.883,0.779,2,0.3486540583
1,5/4/23 16:23,23.8,54.9,1.4,0.775,0.338,0.881,1.4,0.338,0.881,0.775,2,0.3480201418
1,5/4/23 16:23,23.8,54.9,1.4,0.773,0.34,0.88,1.4,0.34,0.88,0.773,2,0.3500794326
1,5/4/23 16:23,23.8,54.9,1.4,0.773,0.341,0.879,1.4,0.341,0.879,0.773,2,0.351109078
1,5/4/23 16:23,23.8,54.9,1.41,0.777,0.34,0.88,1.41,0.34,0.88,0.777,2,0.3500794326
1,5/4/23 16:23,23.7,55.1,1.42,0.783,0.34,0.883,1.42,0.34,0.883,0.783,2,0.349878487
1,5/4/23 16:23,23.8,55.2,1.42,0.785,0.34,0.884,1.42,0.34,0.884,0.785,2,0.351992435
1,5/4/23 16:24,23.8,55.3,1.42,0.786,0.34,0.885,1.42,0.34,0.885,0.786,2,0.3526301024
1,5/4/23 16:24,23.8,55.3,1.42,0.785,0.34,0.885,1.42,0.34,0.885,0.785,2,0.3526301024
1,5/4/23 16:24,23.8,55.3,1.42,0.785,0.341,0.886,1.42,0.341,0.886,0.785,2,0.3536672498
1,5/4/23 16:24,23.8,55.2,1.42,0.784,0.341,0.887,1.42,0.341,0.887,0.784,2,0.3530277069
1,5/4/23 16:24,23.9,55.2,1.42,0.784,0.342,0.888,1.42,0.342,0.888,0.784,2,0.3555506383
1,5/4/23 16:24,23.9,55.2,1.41,0.782,0.342,0.887,1.41,0.342,0.887,0.782,2,0.3555506383
1,5/4/23 16:24,24,55.1,1.41,0.779,0.342,0.886,1.41,0.342,0.886,0.779,2,0.3563914894
1,5/4/23 16:24,24,55.1,1.41,0.778,0.343,0.886,1.41,0.343,0.886,0.778,2,0.3574335697
1,5/4/23 16:24,24,55,1.41,0.78,0.364,0.891,1.41,0.368,0.892,0.78,2,0.3786288416
1,5/4/23 16:24,24,55.3,1.43,0.779,0.603,0.92,1.43,0.616,0.922,0.779,2,0.6306553191
1,5/4/23 16:24,24.1,55.4,1.47,0.777,0.924,0.974,1.47,0.934,0.976,0.777,2,0.9721586761
1,5/4/23 16:24,24.1,55.4,1.5,0.775,1.12,1.03,1.51,1.13,1.03,0.775,2,1.178374153
1,5/4/23 16:25,24.1,55.4,1.52,0.773,1.22,1.08,1.52,1.22,1.08,0.773,2,1.283586131
1,5/4/23 16:25,24.2,55.3,1.53,0.772,1.27,1.11,1.53,1.27,1.11,0.772,2,1.339314578
1,5/4/23 16:25,24.2,55.3,1.54,0.772,1.3,1.14,1.54,1.3,1.14,0.772,2,1.370951931
1,5/4/23 16:25,24.2,55.2,1.55,0.771,1.3,1.15,1.55,1.3,1.15,0.771,2,1.368472813
1,5/4/23 16:25,24.3,55.1,1.55,0.772,1.3,1.17,1.55,1.3,1.17,0.771,2,1.371638298
1,5/4/23 16:25,24.3,55.1,1.55,0.771,1.29,1.17,1.55,1.29,1.17,0.771,2,1.361087234
1,5/4/23 16:25,24.3,55,1.56,0.771,1.29,1.18,1.56,1.29,1.18,0.771,2,1.358617021
1,5/4/23 16:25,24.4,55,1.56,0.771,1.28,1.18,1.56,1.28,1.18,0.771,2,1.353632782
1,5/4/23 16:25,24.4,54.9,1.56,0.771,1.27,1.18,1.56,1.27,1.18,0.771,2,1.340615603
1,5/4/23 16:25,24.4,54.8,1.56,0.771,1.27,1.18,1.56,1.27,1.18,0.77,2,1.33817368
1,5/4/23 16:25,24.4,54.8,1.56,0.771,1.25,1.18,1.56,1.25,1.18,0.771,2,1.317100079
1,5/4/23 16:25,24.5,54.8,1.56,0.771,1.24,1.18,1.56,1.24,1.18,0.771,2,1.311918046
1,5/4/23 16:26,24.5,54.7,1.56,0.77,1.23,1.18,1.56,1.23,1.18,0.77,2,1.298963357
1,5/4/23 16:26,24.6,54.6,1.56,0.771,1.22,1.18,1.56,1.22,1.18,0.771,2,1.291296454
1,5/4/23 16:26,24.6,54.6,1.55,0.77,1.21,1.17,1.55,1.21,1.17,0.771,2,1.280712057
1,5/4/23 16:26,24.6,54.5,1.56,0.771,1.2,1.17,1.56,1.2,1.17,0.771,2,1.267801418
1,5/4/23 16:26,24.7,54.5,1.55,0.772,1.19,1.17,1.55,1.19,1.17,0.772,2,1.262347124
1,5/4/23 16:26,24.7,54.4,1.55,0.772,1.18,1.17,1.55,1.18,1.17,0.772,2,1.249442396
1,5/4/23 16:26,24.7,54.4,1.55,0.771,1.17,1.17,1.55,1.17,1.17,0.771,2,1.238853901
1,5/4/23 16:26,24.8,54.4,1.55,0.772,1.16,1.17,1.55,1.15,1.17,0.772,2,1.23323814
1,5/4/23 16:26,24.8,54.3,1.55,0.772,1.14,1.17,1.55,1.14,1.17,0.772,2,1.209747518
1,5/4/23 16:26,24.9,54.3,1.55,0.771,1.14,1.16,1.55,1.14,1.16,0.771,2,1.214625532
1,5/4/23 16:26,24.9,54.2,1.55,0.771,1.13,1.16,1.55,1.13,1.16,0.771,2,1.201753664
1,5/4/23 16:26,24.9,54.1,1.55,0.771,1.12,1.16,1.55,1.11,1.16,0.771,2,1.18892104
1,5/4/23 16:27,24.9,54.1,1.55,0.771,1.11,1.16,1.55,1.11,1.16,0.772,2,1.178305674
1,5/4/23 16:27,24.9,54,1.55,0.772,1.09,1.16,1.55,1.09,1.16,0.772,2,1.15493617
1,5/4/23 16:27,25,54,1.56,0.778,1.09,1.16,1.56,1.09,1.16,0.778,2,1.159574468
1,5/4/23 16:27,25,53.9,1.56,0.781,1.06,1.16,1.56,1.05,1.16,0.781,2,1.125571316
1,5/4/23 16:27,25,53.5,1.55,0.785,0.951,1.15,1.55,0.948,1.14,0.785,2,1.002334515
1,5/4/23 16:27,25,53.1,1.53,0.789,0.835,1.12,1.53,0.831,1.12,0.789,2,0.8734929078
1,5/4/23 16:27,25,53,1.52,0.792,0.732,1.1,1.52,0.729,1.1,0.792,2,0.7643026005
1,5/4/23 16:27,25,52.9,1.52,0.793,0.648,1.08,1.52,0.646,1.07,0.793,2,0.6753191489
1,5/4/23 16:27,24.9,52.8,1.51,0.795,0.584,1.06,1.51,0.582,1.05,0.795,2,0.6050405674
1,5/4/23 16:27,24.9,52.8,1.5,0.795,0.539,1.04,1.5,0.538,1.04,0.795,2,0.5584192908
1,5/4/23 16:27,24.8,52.8,1.5,0.797,0.509,1.02,1.5,0.509,1.02,0.797,2,0.5252206147
1,5/4/23 16:27,24.8,52.9,1.49,0.798,0.487,1.01,1.49,0.486,1.01,0.799,2,0.5034712687
1,5/4/23 16:28,24.7,52.9,1.49,0.799,0.467,1,1.49,0.466,1,0.799,2,0.4808480772
1,5/4/23 16:28,24.6,53,1.49,0.797,0.449,0.991,1.49,0.449,0.991,0.797,2,0.4613130024
1,5/4/23 16:28,24.6,53,1.48,0.796,0.436,0.983,1.48,0.435,0.983,0.796,2,0.4479565012
1,5/4/23 16:28,24.6,53,1.48,0.795,0.426,0.977,1.48,0.426,0.977,0.795,2,0.4376822695
1,5/4/23 16:28,24.6,53,1.48,0.795,0.416,0.973,1.48,0.415,0.973,0.795,2,0.4274080378
1,5/4/23 16:28,24.6,53.1,1.47,0.795,0.407,0.97,1.47,0.407,0.97,0.794,2,0.4189502128
1,5/4/23 16:28,24.5,53.1,1.47,0.792,0.4,0.965,1.47,0.399,0.965,0.792,2,0.410070922
1,5/4/23 16:28,24.3,53.1,1.46,0.79,0.394,0.961,1.46,0.394,0.961,0.79,2,0.4006225532
1,5/4/23 16:28,24.5,53.2,1.46,0.789,0.387,0.958,1.46,0.387,0.958,0.789,2,0.3974907801
1,5/4/23 16:28,24.5,53.2,1.46,0.788,0.381,0.955,1.46,0.381,0.954,0.788,2,0.3913281324
1,5/4/23 16:28,24.5,53.3,1.46,0.788,0.378,0.951,1.46,0.378,0.951,0.788,2,0.3889765957
1,5/4/23 16:28,24.5,53.4,1.46,0.789,0.376,0.948,1.46,0.376,0.948,0.789,2,0.3876444444
1,5/4/23 16:29,24.5,53.5,1.46,0.789,0.374,0.944,1.46,0.374,0.944,0.789,2,0.3863045705
1,5/4/23 16:29,24.5,53.5,1.46,0.793,0.37,0.942,1.47,0.37,0.943,0.793,2,0.3821729708
1,5/4/23 16:29,24.4,53.6,1.47,0.797,0.366,0.943,1.47,0.366,0.943,0.797,2,0.3772020804
1,5/4/23 16:29,24.4,53.7,1.47,0.797,0.364,0.941,1.47,0.364,0.941,0.797,2,0.3758407565
1,5/4/23 16:29,24.4,53.8,1.47,0.795,0.358,0.938,1.47,0.358,0.938,0.795,2,0.3703339322
1,5/4/23 16:29,24.4,54,1.5,0.816,0.359,0.95,1.5,0.359,0.95,0.816,2,0.3727489362
1,5/4/23 16:29,24.4,54.1,1.52,0.82,0.355,0.952,1.52,0.354,0.952,0.819,2,0.3692783294
1,5/4/23 16:29,24.3,54.1,1.5,0.804,0.35,0.945,1.5,0.35,0.944,0.803,2,0.3625851064
1,5/4/23 16:29,24.3,54.2,1.48,0.789,0.348,0.936,1.48,0.348,0.936,0.789,2,0.3611795745
1,5/4/23 16:29,24.3,54.2,1.44,0.758,0.342,0.916,1.44,0.342,0.916,0.758,2,0.3549523404
1,5/4/23 16:29,24.2,54.1,1.43,0.751,0.345,0.908,1.43,0.345,0.908,0.751,2,0.3559345154
1,5/4/23 16:29,24.2,54.1,1.44,0.753,0.346,0.905,1.44,0.346,0.905,0.753,2,0.3569662096
1,5/4/23 16:30,24.2,54.1,1.44,0.755,0.347,0.904,1.44,0.347,0.904,0.755,2,0.3579979039
1,5/4/23 16:30,24.3,54.1,1.44,0.754,0.344,0.901,1.44,0.344,0.9,0.754,2,0.3563693617
1,5/4/23 16:30,24.3,54.1,1.44,0.755,0.343,0.899,1.44,0.343,0.898,0.755,2,0.3553334043
1,5/4/23 16:30,24.2,54.1,1.44,0.753,0.343,0.896,1.44,0.343,0.896,0.753,2,0.3538711269
1,5/4/23 16:30,24.2,54.1,1.44,0.755,0.345,0.895,1.44,0.345,0.895,0.755,2,0.3559345154
1,5/4/23 16:30,24.2,54.1,1.44,0.757,0.345,0.895,1.44,0.345,0.895,0.757,2,0.3559345154
1,5/4/23 16:30,24.2,54.2,1.44,0.758,0.345,0.893,1.44,0.345,0.893,0.759,2,0.356592435
1,5/4/23 16:30,24.2,54.2,1.44,0.76,0.345,0.892,1.44,0.345,0.892,0.761,2,0.356592435
1,5/4/23 16:30,24.2,54.2,1.44,0.762,0.343,0.89,1.44,0.343,0.89,0.762,2,0.3545252325
1,5/4/23 16:30,24.2,54.3,1.44,0.763,0.343,0.888,1.44,0.343,0.888,0.763,2,0.3551793381
1,5/4/23 16:30,24.1,54.5,1.44,0.764,0.343,0.885,1.44,0.343,0.885,0.764,2,0.3550144602
1,5/4/23 16:30,24.1,54.6,1.44,0.764,0.344,0.883,1.44,0.344,0.882,0.764,2,0.3567027896
1,5/4/23 16:31,24.1,54.6,1.44,0.766,0.344,0.88,1.44,0.344,0.88,0.766,2,0.3567027896
1,5/4/23 16:31,24.1,54.5,1.44,0.768,0.343,0.878,1.44,0.343,0.878,0.768,2,0.3550144602
1,5/4/23 16:31,24,54.5,1.44,0.768,0.342,0.876,1.44,0.342,0.876,0.768,2,0.3525106383
1,5/4/23 16:31,24,54.5,1.44,0.769,0.342,0.875,1.44,0.342,0.875,0.769,2,0.3525106383
1,5/4/23 16:31,24,54.6,1.44,0.77,0.342,0.874,1.44,0.342,0.875,0.77,2,0.3531574468
1,5/4/23 16:31,24,54.7,1.44,0.771,0.342,0.874,1.44,0.342,0.874,0.771,2,0.3538042553
1,5/4/23 16:31,23.9,54.7,1.44,0.772,0.342,0.873,1.44,0.342,0.873,0.772,2,0.3523300709
1,5/4/23 16:31,23.9,54.7,1.44,0.773,0.342,0.873,1.44,0.342,0.873,0.773,2,0.3523300709
1,5/4/23 16:31,23.8,54.8,1.44,0.774,0.341,0.873,1.44,0.341,0.873,0.774,2,0.3504695351
1,5/4/23 16:31,23.9,54.9,1.44,0.774,0.341,0.873,1.44,0.341,0.873,0.774,2,0.3525843262
1,5/4/23 16:31,23.8,54.9,1.44,0.774,0.34,0.873,1.44,0.34,0.873,0.774,2,0.3500794326
1,5/4/23 16:31,23.8,54.9,1.44,0.774,0.34,0.872,1.44,0.34,0.872,0.774,2,0.3500794326
1,5/4/23 16:32,23.8,55,1.44,0.775,0.341,0.872,1.44,0.341,0.872,0.775,2,0.351748621
1,5/4/23 16:32,23.8,55,1.44,0.775,0.341,0.872,1.44,0.341,0.872,0.775,2,0.351748621
1,5/4/23 16:32,23.8,55.1,1.44,0.775,0.341,0.872,1.44,0.341,0.871,0.775,2,0.3523881639
1,5/4/23 16:32,23.7,55.1,1.44,0.775,0.34,0.87,1.44,0.34,0.87,0.775,2,0.349878487
1,5/4/23 16:32,23.7,55.1,1.44,0.776,0.34,0.87,1.44,0.34,0.87,0.776,2,0.349878487
1,5/4/23 16:32,23.7,55.2,1.44,0.776,0.341,0.87,1.44,0.341,0.869,0.775,2,0.3515443972
1,5/4/23 16:32,23.7,55.3,1.44,0.775,0.341,0.868,1.44,0.34,0.868,0.775,2,0.352181253
1,5/4/23 16:32,23.6,55.3,1.44,0.775,0.34,0.868,1.44,0.34,0.868,0.775,2,0.3496668243
1,5/4/23 16:32,23.7,55.4,1.44,0.774,0.339,0.867,1.44,0.339,0.867,0.774,2,0.3507487943
1,5/4/23 16:32,23.7,55.4,1.44,0.775,0.34,0.867,1.44,0.34,0.867,0.775,2,0.3517834515
1,5/4/23 16:32,23.6,55.4,1.44,0.775,0.341,0.868,1.44,0.341,0.868,0.775,2,0.3513294247
1,5/4/23 16:32,23.6,55.5,1.44,0.775,0.34,0.867,1.44,0.34,0.868,0.775,2,0.3509314421
1,5/4/23 16:33,23.6,55.5,1.44,0.775,0.341,0.867,1.44,0.341,0.868,0.775,2,0.3519635934
1,5/4/23 16:33,23.6,55.6,1.44,0.776,0.341,0.868,1.44,0.341,0.868,0.776,2,0.352597762
1,5/4/23 16:33,23.6,55.7,1.44,0.775,0.34,0.867,1.44,0.34,0.867,0.775,2,0.3521960599
2,5/4/23 16:33,23.5,56,1.43,0.771,0.34,0.861,1.43,0.34,0.861,0.771,2,0.3525925926
2,5/4/23 16:33,23.5,56,1.43,0.773,0.341,0.863,1.43,0.342,0.863,0.773,2,0.3536296296
2,5/4/23 16:33,23.5,56.1,1.44,0.774,0.343,0.865,1.44,0.343,0.865,0.774,2,0.3563388889
2,5/4/23 16:34,23.6,56.1,1.44,0.774,0.344,0.866,1.44,0.344,0.867,0.774,2,0.3588985343
2,5/4/23 16:34,23.6,56.1,1.44,0.774,0.345,0.868,1.44,0.346,0.868,0.774,2,0.359941844
2,5/4/23 16:34,23.7,56.1,1.44,0.774,0.355,0.875,1.44,0.357,0.876,0.774,2,0.3719443262
2,5/4/23 16:34,23.7,56.4,1.45,0.774,0.426,0.89,1.45,0.433,0.89,0.774,2,0.44872
2,5/4/23 16:34,23.7,56.6,1.45,0.771,0.55,0.909,1.45,0.555,0.91,0.771,2,0.5813877069
2,5/4/23 16:34,23.8,57,1.47,0.769,0.666,0.936,1.47,0.671,0.937,0.769,2,0.7119744681
2,5/4/23 16:34,23.8,57.3,1.49,0.767,0.787,0.967,1.49,0.791,0.968,0.767,2,0.8457552246
2,5/4/23 16:34,23.8,57.5,1.51,0.768,0.877,1,1.51,0.88,1,0.768,2,0.9457639874
2,5/4/23 16:34,23.9,57.5,1.52,0.769,0.927,1.03,1.52,0.928,1.03,0.769,2,1.003884752
2,5/4/23 16:34,23.9,57.5,1.52,0.767,0.953,1.05,1.52,0.953,1.05,0.767,2,1.032041174
2,5/4/23 16:34,23.9,57.4,1.53,0.765,0.964,1.07,1.53,0.964,1.07,0.765,2,1.042137935
2,5/4/23 16:34,24,57.4,1.53,0.764,0.968,1.08,1.53,0.968,1.08,0.764,2,1.050840662
2,5/4/23 16:35,24,57.3,1.53,0.762,0.964,1.09,1.53,0.964,1.09,0.762,2,1.044675177
2,5/4/23 16:35,24,57.2,1.53,0.762,0.959,1.09,1.53,0.959,1.09,0.762,2,1.037443026
2,5/4/23 16:35,24.1,57.2,1.53,0.76,0.951,1.1,1.53,0.951,1.1,0.76,2,1.033075272
2,5/4/23 16:35,24.2,57.1,1.53,0.76,0.944,1.1,1.53,0.944,1.1,0.76,2,1.027925989
2,5/4/23 16:35,24.2,57,1.53,0.76,0.937,1.1,1.53,0.936,1.1,0.76,2,1.018516785
2,5/4/23 16:35,24.2,56.9,1.53,0.759,0.928,1.1,1.53,0.928,1.1,0.759,2,1.006964098
2,5/4/23 16:35,24.5,57,1.53,0.759,0.921,1.1,1.53,0.921,1.1,0.759,2,1.013535461
2,5/4/23 16:35,24.4,56.9,1.53,0.759,0.913,1.1,1.53,0.913,1.1,0.759,2,0.9988752403
2,5/4/23 16:35,24.3,56.7,1.53,0.759,0.905,1.1,1.53,0.905,1.1,0.759,2,0.9825989362
2,5/4/23 16:35,24.4,56.6,1.53,0.759,0.897,1.1,1.53,0.897,1.1,0.759,2,0.9761961229
2,5/4/23 16:35,24.4,56.5,1.52,0.758,0.889,1.1,1.52,0.889,1.1,0.758,2,0.9657804571
2,5/4/23 16:35,24.5,56.5,1.52,0.757,0.882,1.1,1.52,0.882,1.1,0.757,2,0.9621028369
2,5/4/23 16:36,24.5,56.4,1.52,0.758,0.875,1.1,1.52,0.875,1.1,0.758,2,0.9527777778
2,5/4/23 16:36,24.5,56.3,1.52,0.757,0.868,1.1,1.52,0.868,1.1,0.757,2,0.9434797478
2,5/4/23 16:36,24.6,56.3,1.52,0.757,0.861,1.1,1.52,0.861,1.1,0.757,2,0.939690922
2,5/4/23 16:36,24.6,56.2,1.52,0.757,0.855,1.1,1.52,0.855,1.1,0.757,2,0.9314851064
2,5/4/23 16:36,24.6,56.1,1.52,0.757,0.849,1.1,1.52,0.849,1.1,0.757,2,0.9233025532
2,5/4/23 16:36,24.7,56,1.52,0.757,0.842,1.1,1.52,0.842,1.1,0.757,2,0.9177733649
2,5/4/23 16:36,24.7,55.9,1.52,0.756,0.837,1.1,1.52,0.836,1.1,0.756,2,0.9106942553
2,5/4/23 16:36,24.7,55.9,1.52,0.757,0.831,1.1,1.52,0.831,1.1,0.757,2,0.9041659811
2,5/4/23 16:36,24.8,55.8,1.52,0.757,0.825,1.1,1.52,0.825,1.1,0.757,2,0.8996595745
2,5/4/23 16:36,24.8,55.8,1.52,0.757,0.82,1.1,1.52,0.82,1.1,0.757,2,0.8942070922
2,5/4/23 16:36,24.9,55.7,1.52,0.756,0.814,1.1,1.52,0.814,1.1,0.756,2,0.8896461939
2,5/4/23 16:36,24.9,55.6,1.51,0.755,0.809,1.1,1.51,0.809,1.1,0.755,2,0.8825941371
2,5/4/23 16:37,24.9,55.5,1.51,0.755,0.804,1.1,1.51,0.804,1.1,0.755,2,0.8755617021
2,5/4/23 16:37,24.9,55.5,1.51,0.754,0.799,1.1,1.51,0.799,1.1,0.754,2,0.8701166667
2,5/4/23 16:37,24.9,55.4,1.51,0.755,0.795,1.1,1.51,0.795,1.1,0.755,2,0.8642007092
2,5/4/23 16:37,25,55.4,1.51,0.755,0.791,1.1,1.51,0.791,1.1,0.755,2,0.8633057526
2,5/4/23 16:37,25,55.3,1.51,0.755,0.787,1.1,1.51,0.787,1.1,0.755,2,0.8573896769
2,5/4/23 16:37,25,55.2,1.51,0.755,0.783,1.1,1.51,0.783,1.1,0.755,2,0.8514893617
2,5/4/23 16:37,25.1,55.2,1.51,0.755,0.779,1.1,1.51,0.779,1.1,0.755,2,0.8505280378
2,5/4/23 16:37,25.1,55.1,1.51,0.754,0.774,1.1,1.51,0.774,1.1,0.754,2,0.8435380142
2,5/4/23 16:37,25.3,55.1,1.51,0.754,0.771,1.1,1.51,0.771,1.1,0.754,2,0.8469638534
2,5/4/23 16:37,25.1,55,1.51,0.754,0.767,1.1,1.51,0.767,1.1,0.754,2,0.834392041
2,5/4/23 16:37,25.2,55,1.51,0.753,0.764,1.1,1.51,0.764,1.1,0.753,2,0.8344397163
2,5/4/23 16:37,25.2,54.9,1.51,0.754,0.761,1.1,1.51,0.761,1.1,0.753,2,0.8296519149
2,5/4/23 16:38,25.2,54.9,1.51,0.754,0.757,1.1,1.51,0.757,1.1,0.754,2,0.8252910638
2,5/4/23 16:38,25.2,54.8,1.51,0.754,0.754,1.1,1.51,0.754,1.1,0.754,2,0.8205231206
2,5/4/23 16:38,25.5,55,1.51,0.754,0.751,1.1,1.51,0.751,1.1,0.754,2,0.8300059102
2,5/4/23 16:38,25.3,54.7,1.51,0.754,0.748,1.1,1.51,0.748,1.1,0.754,2,0.8157326084
2,5/4/23 16:38,25.3,54.7,1.51,0.754,0.746,1.1,1.51,0.745,1.1,0.754,2,0.8135515051
2,5/4/23 16:38,25.3,54.6,1.51,0.754,0.743,1.1,1.51,0.742,1.1,0.754,2,0.8087985343
2,5/4/23 16:38,25.3,54.6,1.51,0.753,0.74,1.1,1.51,0.739,1.1,0.754,2,0.8055328605
2,5/4/23 16:38,25.4,54.6,1.5,0.753,0.737,1.1,1.5,0.736,1.1,0.753,2,0.8054382033
2,5/4/23 16:38,25.4,54.5,1.5,0.751,0.729,1.1,1.5,0.729,1.1,0.75,2,0.7952361702
2,5/4/23 16:38,25.4,54.4,1.5,0.753,0.712,1.1,1.5,0.709,1.1,0.753,2,0.775266446
2,5/4/23 16:38,25.4,53.8,1.5,0.758,0.642,1.09,1.5,0.638,1.09,0.758,2,0.6913363593
2,5/4/23 16:38,25.4,53.1,1.49,0.761,0.557,1.08,1.49,0.554,1.07,0.761,2,0.5920001418
2,5/4/23 16:39,25.4,52.9,1.48,0.764,0.487,1.06,1.48,0.485,1.06,0.764,2,0.5156520252
2,5/4/23 16:39,25.4,52.8,1.48,0.767,0.45,1.05,1.48,0.449,1.05,0.767,2,0.4755744681
2,5/4/23 16:39,25.4,52.7,1.48,0.769,0.43,1.03,1.48,0.429,1.03,0.769,2,0.4535771474
2,5/4/23 16:39,25.4,52.6,1.48,0.772,0.415,1.02,1.48,0.415,1.02,0.772,2,0.4369240347
2,5/4/23 16:39,25.4,52.5,1.48,0.773,0.407,1.01,1.48,0.407,1.01,0.773,2,0.4276867612
2,5/4/23 16:39,25.4,52.4,1.47,0.773,0.4,1,1.47,0.399,1,0.774,2,0.4195303388
2,5/4/23 16:39,25.3,52.3,1.47,0.774,0.392,0.994,1.47,0.392,0.993,0.774,2,0.4087395429
2,5/4/23 16:39,25.2,52.3,1.47,0.775,0.387,0.987,1.47,0.387,0.986,0.775,2,0.4019310638
2,5/4/23 16:39,25.2,52.4,1.47,0.776,0.382,0.98,1.47,0.382,0.98,0.776,2,0.3974967376
2,5/4/23 16:39,25.1,52.4,1.47,0.778,0.377,0.975,1.47,0.377,0.974,0.778,2,0.3907371789
2,5/4/23 16:39,25,52.4,1.47,0.778,0.373,0.97,1.47,0.372,0.97,0.778,2,0.3850512214
2,5/4/23 16:39,25,52.5,1.46,0.778,0.368,0.966,1.46,0.367,0.966,0.778,2,0.3806146572
2,5/4/23 16:40,24.9,52.5,1.46,0.778,0.364,0.962,1.46,0.364,0.962,0.778,2,0.3749716312
2,5/4/23 16:40,24.9,52.6,1.46,0.778,0.362,0.958,1.46,0.362,0.958,0.778,2,0.3736216548
2,5/4/23 16:40,24.8,52.7,1.46,0.778,0.36,0.955,1.46,0.36,0.955,0.778,2,0.3707687943
2,5/4/23 16:40,24.8,52.8,1.46,0.778,0.358,0.952,1.46,0.358,0.952,0.778,2,0.3694086052
2,5/4/23 16:40,24.7,52.9,1.46,0.778,0.356,0.95,1.46,0.355,0.95,0.778,2,0.3665565642
2,5/4/23 16:40,24.6,53,1.46,0.778,0.353,0.948,1.46,0.353,0.948,0.778,2,0.3626803783
2,5/4/23 16:40,24.6,53,1.46,0.778,0.351,0.945,1.46,0.351,0.945,0.778,2,0.3606255319
2,5/4/23 16:40,24.6,53.1,1.46,0.777,0.35,0.942,1.46,0.351,0.942,0.777,2,0.3602765957
2,5/4/23 16:40,24.5,53.3,1.46,0.777,0.35,0.94,1.46,0.35,0.94,0.777,2,0.3601635146
2,5/4/23 16:40,24.5,53.4,1.46,0.777,0.351,0.937,1.46,0.351,0.937,0.777,2,0.3618702128
2,5/4/23 16:40,24.5,53.5,1.46,0.776,0.35,0.934,1.46,0.35,0.934,0.776,2,0.3615149724
2,5/4/23 16:40,24.4,53.6,1.46,0.776,0.35,0.932,1.46,0.35,0.932,0.776,2,0.3607123719
2,5/4/23 16:41,24.4,53.6,1.46,0.777,0.349,0.931,1.46,0.349,0.931,0.777,2,0.3596817652
2,5/4/23 16:41,24.3,53.7,1.46,0.776,0.348,0.929,1.46,0.348,0.929,0.776,2,0.3578476596
2,5/4/23 16:41,24.3,53.8,1.46,0.776,0.346,0.926,1.46,0.346,0.926,0.776,2,0.356453617
2,5/4/23 16:41,24.3,53.9,1.45,0.773,0.343,0.923,1.45,0.343,0.923,0.773,2,0.3540197872
2,5/4/23 16:41,24.2,53.9,1.45,0.772,0.342,0.921,1.45,0.342,0.921,0.772,2,0.3515350355
2,5/4/23 16:41,24.2,54,1.45,0.771,0.34,0.92,1.45,0.34,0.92,0.771,2,0.3501276596
2,5/4/23 16:41,24.2,54,1.45,0.769,0.339,0.917,1.45,0.339,0.917,0.769,2,0.3490978723
2,5/4/23 16:41,24.2,54,1.44,0.767,0.338,0.914,1.44,0.338,0.914,0.767,2,0.3480680851
2,5/4/23 16:41,24.2,54.1,1.44,0.766,0.339,0.913,1.44,0.339,0.913,0.766,2,0.3497443499
2,5/4/23 16:41,24.2,54.2,1.44,0.766,0.34,0.912,1.44,0.34,0.912,0.766,2,0.3514244287
2,5/4/23 16:41,24.2,54.2,1.44,0.766,0.342,0.913,1.44,0.342,0.913,0.766,2,0.3534916312
2,5/4/23 16:41,24.2,54.3,1.45,0.767,0.343,0.912,1.45,0.343,0.912,0.767,2,0.3551793381
2,5/4/23 16:42,24.1,54.4,1.45,0.766,0.343,0.91,1.45,0.343,0.91,0.766,2,0.3543630575
2,5/4/23 16:42,24.1,54.4,1.45,0.766,0.343,0.909,1.45,0.343,0.908,0.766,2,0.3543630575
2,5/4/23 16:42,24.1,54.5,1.45,0.766,0.343,0.908,1.45,0.343,0.907,0.767,2,0.3550144602
2,5/4/23 16:42,24,54.5,1.45,0.766,0.343,0.906,1.45,0.343,0.906,0.766,2,0.3535413712
2,5/4/23 16:42,24,54.6,1.45,0.766,0.342,0.904,1.45,0.342,0.904,0.766,2,0.3531574468
2,5/4/23 16:42,24,54.7,1.45,0.766,0.342,0.903,1.45,0.342,0.903,0.766,2,0.3538042553
2,5/4/23 16:42,24,54.8,1.45,0.766,0.342,0.902,1.45,0.342,0.902,0.766,2,0.3544510638
2,5/4/23 16:42,24,54.8,1.45,0.765,0.342,0.901,1.45,0.342,0.901,0.765,2,0.3544510638
2,5/4/23 16:42,23.9,54.8,1.45,0.765,0.342,0.9,1.45,0.342,0.9,0.765,2,0.3529741844
2,5/4/23 16:42,23.9,54.9,1.45,0.765,0.343,0.899,1.45,0.343,0.899,0.765,2,0.3546522695
2,5/4/23 16:42,23.9,55,1.45,0.765,0.342,0.898,1.45,0.342,0.898,0.765,2,0.3542624113
2,5/4/23 16:42,23.9,55,1.45,0.765,0.342,0.897,1.45,0.342,0.897,0.765,2,0.3542624113
2,5/4/23 16:43,23.8,55.1,1.45,0.764,0.341,0.896,1.45,0.341,0.896,0.764,2,0.3523881639
2,5/4/23 16:43,23.8,55.1,1.45,0.765,0.341,0.895,1.45,0.341,0.895,0.764,2,0.3523881639
2,5/4/23 16:43,23.8,55.3,1.45,0.765,0.342,0.895,1.45,0.342,0.895,0.765,2,0.3547043972
2,5/4/23 16:43,23,54.9,1.45,0.764,0.342,0.894,1.45,0.342,0.894,0.764,2,0.3403021277
2,5/4/23 16:43,23.7,55.4,1.45,0.763,0.342,0.893,1.45,0.342,0.893,0.763,2,0.353852766
2,5/4/23 16:43,23.7,55.4,1.45,0.764,0.343,0.893,1.45,0.343,0.893,0.764,2,0.3548874232
2,5/4/23 16:43,23.7,55.4,1.45,0.764,0.343,0.893,1.45,0.343,0.893,0.764,2,0.3548874232
2,5/4/23 16:43,23.7,55.5,1.45,0.764,0.34,0.893,1.45,0.34,0.893,0.763,2,0.3524184397
2,5/4/23 16:43,23.7,55.5,1.45,0.763,0.34,0.893,1.45,0.34,0.893,0.763,2,0.3524184397
2,5/4/23 16:43,23.7,55.5,1.45,0.763,0.341,0.892,1.45,0.341,0.892,0.763,2,0.3534549645
2,5/4/23 16:43,23.7,55.6,1.45,0.762,0.341,0.891,1.45,0.341,0.891,0.762,2,0.3540918203
2,5/4/23 16:43,23.7,55.7,1.45,0.763,0.341,0.891,1.45,0.341,0.891,0.763,2,0.3547286761
2,5/4/23 16:44,23.7,55.7,1.45,0.763,0.342,0.891,1.45,0.342,0.891,0.763,2,0.3557689362
2,5/4/23 16:44,23.7,55.7,1.45,0.763,0.342,0.891,1.45,0.343,0.891,0.763,2,0.3557689362
2,5/4/23 16:44,23.7,55.8,1.45,0.763,0.343,0.891,1.45,0.343,0.891,0.763,2,0.3574497872
3,5/4/23 16:45,23.7,56,1.44,0.759,0.34,0.888,1.44,0.342,0.889,0.758,2,0.3555933806
3,5/4/23 16:45,23.6,56.3,1.44,0.756,0.43,0.898,1.44,0.439,0.9,0.755,2,0.4502225374
3,5/4/23 16:45,23.7,56.6,1.46,0.751,0.557,0.918,1.46,0.562,0.919,0.751,2,0.5887871868
3,5/4/23 16:45,23.7,56.6,1.46,0.747,0.628,0.937,1.47,0.631,0.938,0.747,2,0.6638390544
3,5/4/23 16:45,23.8,56.6,1.47,0.744,0.664,0.953,1.47,0.666,0.954,0.744,2,0.7048550985
3,5/4/23 16:45,23.8,56.7,1.48,0.742,0.682,0.966,1.48,0.682,0.967,0.742,2,0.7252417021
3,5/4/23 16:45,23.8,56.6,1.48,0.741,0.688,0.976,1.48,0.689,0.977,0.741,2,0.7303317888
3,5/4/23 16:45,23.9,56.5,1.48,0.74,0.689,0.984,1.48,0.689,0.984,0.74,2,0.7331687549
3,5/4/23 16:45,23.9,56.5,1.48,0.74,0.686,0.989,1.48,0.686,0.989,0.739,2,0.7299764381
3,5/4/23 16:45,24,56.5,1.48,0.739,0.681,0.992,1.48,0.681,0.992,0.739,2,0.7276879433
3,5/4/23 16:46,24,56.4,1.48,0.739,0.677,0.995,1.48,0.677,0.995,0.739,2,0.7221333333
3,5/4/23 16:46,24.1,56.3,1.48,0.739,0.672,0.997,1.48,0.671,0.997,0.739,2,0.7185104492
3,5/4/23 16:46,24.1,56.3,1.48,0.738,0.667,0.998,1.48,0.666,0.998,0.738,2,0.7131643893
3,5/4/23 16:46,24.2,56.2,1.48,0.737,0.662,0.998,1.48,0.661,0.998,0.737,2,0.709492892
3,5/4/23 16:46,24.2,56.1,1.48,0.738,0.657,0.999,1.48,0.656,0.999,0.738,2,0.7028812766
3,5/4/23 16:46,24.3,56,1.48,0.738,0.651,1,1.48,0.65,1,0.738,2,0.698093617
3,5/4/23 16:46,24.3,56,1.48,0.738,0.646,1,1.48,0.646,1,0.738,2,0.6927319149
3,5/4/23 16:46,24.4,56,1.48,0.738,0.642,1,1.48,0.642,1,0.738,2,0.6912756501
3,5/4/23 16:46,24.4,55.9,1.48,0.738,0.639,1,1.48,0.638,1,0.738,2,0.6868167376
3,5/4/23 16:46,24.5,55.8,1.48,0.738,0.635,1,1.48,0.635,1,0.738,2,0.6840886525
3,5/4/23 16:46,24.6,55.8,1.48,0.739,0.632,1,1.48,0.632,1,0.739,2,0.6836357447
3,5/4/23 16:46,24.6,55.6,1.48,0.739,0.629,1,1.48,0.629,1,0.74,2,0.6779519622
3,5/4/23 16:47,24.7,55.5,1.48,0.74,0.626,1,1.48,0.625,1,0.74,2,0.6762427896
3,5/4/23 16:47,24.7,55.4,1.48,0.739,0.622,1.01,1.48,0.622,1.01,0.739,2,0.6707110796
3,5/4/23 16:47,24.8,55.3,1.48,0.74,0.62,1.01,1.48,0.62,1.01,0.739,2,0.6700494878
3,5/4/23 16:47,24.8,55.2,1.48,0.74,0.618,1.01,1.48,0.618,1.01,0.74,2,0.6666802837
3,5/4/23 16:47,24.9,55.2,1.48,0.74,0.615,1.01,1.48,0.616,1.01,0.74,2,0.6661191489
3,5/4/23 16:47,24.9,55.1,1.48,0.741,0.614,1.01,1.48,0.614,1.01,0.741,2,0.663831253
3,5/4/23 16:47,25,55,1.48,0.741,0.611,1.01,1.48,0.611,1.01,0.741,2,0.662037037
3,5/4/23 16:47,25,54.9,1.48,0.741,0.609,1.01,1.48,0.609,1.01,0.741,2,0.6586702128
3,5/4/23 16:47,25.1,54.8,1.48,0.741,0.608,1.01,1.48,0.608,1.01,0.741,2,0.6590164224
3,5/4/23 16:47,25.2,54.8,1.48,0.74,0.606,1.01,1.48,0.606,1.01,0.74,2,0.6594655319
3,5/4/23 16:47,25.2,54.6,1.48,0.741,0.605,1.01,1.48,0.605,1.01,0.741,2,0.6559744681
3,5/4/23 16:47,25.3,54.6,1.48,0.741,0.604,1.02,1.48,0.604,1.02,0.741,2,0.6574889835
3,5/4/23 16:48,25.3,54.5,1.48,0.742,0.602,1.02,1.48,0.602,1.02,0.742,2,0.6541116627
3,5/4/23 16:48,25.4,54.4,1.48,0.742,0.6,1.02,1.48,0.6,1.02,0.742,2,0.6533144208
3,5/4/23 16:48,25.4,54.3,1.48,0.742,0.598,1.02,1.48,0.598,1.02,0.742,2,0.6499397636
3,5/4/23 16:48,25.5,54.2,1.48,0.743,0.597,1.02,1.48,0.597,1.02,0.743,2,0.6502078014
3,5/4/23 16:48,25.5,54.1,1.48,0.743,0.596,1.02,1.48,0.596,1.02,0.743,2,0.6479210402
3,5/4/23 16:48,25.6,54.1,1.47,0.742,0.594,1.02,1.47,0.594,1.02,0.742,2,0.6482791489
3,5/4/23 16:48,25.6,54,1.47,0.742,0.593,1.03,1.47,0.593,1.03,0.742,2,0.6459914894
3,5/4/23 16:48,25.6,53.9,1.47,0.742,0.593,1.03,1.47,0.593,1.03,0.742,2,0.6447952088
3,5/4/23 16:48,25.7,53.8,1.47,0.742,0.592,1.03,1.47,0.592,1.03,0.742,2,0.64502342
3,5/4/23 16:48,25.8,53.8,1.47,0.741,0.59,1.03,1.47,0.59,1.03,0.741,2,0.6453456265
3,5/4/23 16:48,25.8,53.7,1.47,0.742,0.589,1.03,1.47,0.589,1.03,0.742,2,0.6430543262
3,5/4/23 16:48,25.8,53.6,1.47,0.742,0.588,1.03,1.47,0.588,1.03,0.742,2,0.6407670922
3,5/4/23 16:49,25.9,53.6,1.47,0.743,0.587,1.03,1.47,0.587,1.03,0.743,2,0.6421567218
3,5/4/23 16:49,25.9,53.5,1.47,0.743,0.586,1.03,1.47,0.586,1.03,0.743,2,0.6398667455
3,5/4/23 16:49,25.9,53.4,1.47,0.743,0.586,1.04,1.47,0.585,1.04,0.744,2,0.6386707329
3,5/4/23 16:49,26,53.4,1.47,0.744,0.584,1.04,1.47,0.584,1.04,0.744,2,0.6389484634
3,5/4/23 16:49,26,53.2,1.47,0.744,0.583,1.04,1.47,0.583,1.04,0.744,2,0.6354654058
3,5/4/23 16:49,26.1,53.2,1.47,0.744,0.581,1.04,1.47,0.581,1.04,0.744,2,0.6357211348
3,5/4/23 16:49,26.1,53.1,1.48,0.745,0.582,1.04,1.48,0.581,1.04,0.745,2,0.6356182979
3,5/4/23 16:49,26.2,53.1,1.48,0.745,0.581,1.04,1.48,0.581,1.04,0.745,2,0.636957305
3,5/4/23 16:49,26.2,53,1.48,0.745,0.582,1.04,1.48,0.582,1.04,0.745,2,0.6368520095
3,5/4/23 16:49,26.2,53,1.48,0.745,0.581,1.05,1.48,0.581,1.05,0.745,2,0.635757762
3,5/4/23 16:49,26.3,52.9,1.48,0.746,0.58,1.05,1.48,0.579,1.05,0.746,2,0.6358838455
3,5/4/23 16:49,26.3,52.8,1.48,0.746,0.579,1.05,1.48,0.579,1.05,0.746,2,0.6335875177
3,5/4/23 16:50,26.3,52.7,1.47,0.745,0.578,1.05,1.47,0.579,1.05,0.745,2,0.6312953349
3,5/4/23 16:50,26.3,52.7,1.48,0.746,0.577,1.05,1.48,0.577,1.05,0.746,2,0.6302031284
3,5/4/23 16:50,26.4,52.6,1.48,0.746,0.577,1.05,1.47,0.577,1.05,0.746,2,0.6313989598
3,5/4/23 16:50,26.4,52.5,1.47,0.745,0.576,1.05,1.47,0.576,1.05,0.746,2,0.629106383
3,5/4/23 16:50,26.5,52.5,1.48,0.746,0.575,1.05,1.48,0.575,1.05,0.746,2,0.630393026
3,5/4/23 16:50,26.5,52.5,1.47,0.746,0.574,1.06,1.47,0.574,1.06,0.746,2,0.6292966903
3,5/4/23 16:50,26.5,52.4,1.47,0.746,0.57,1.06,1.47,0.57,1.06,0.746,2,0.6237210402
3,5/4/23 16:50,26.6,52.1,1.48,0.752,0.539,1.05,1.48,0.536,1.05,0.752,2,0.5886355713
3,5/4/23 16:50,26.6,51.5,1.47,0.756,0.484,1.04,1.47,0.483,1.04,0.756,2,0.5224835303
3,5/4/23 16:50,26.5,51.1,1.47,0.76,0.448,1.03,1.47,0.446,1.03,0.76,2,0.4780608353
3,5/4/23 16:50,26.5,50.7,1.47,0.763,0.42,1.02,1.47,0.419,1.02,0.764,2,0.4446737589
3,5/4/23 16:50,26.4,50.5,1.47,0.765,0.399,1.01,1.47,0.399,1.01,0.766,2,0.4191858156
3,5/4/23 16:51,26.3,50.5,1.46,0.767,0.387,1.01,1.46,0.386,1.01,0.767,2,0.4050386525
3,5/4/23 16:51,26.3,50.5,1.46,0.768,0.377,0.998,1.46,0.376,0.998,0.768,2,0.3945725374
3,5/4/23 16:51,26.2,50.5,1.46,0.769,0.368,0.991,1.46,0.368,0.991,0.769,2,0.3836885737
3,5/4/23 16:51,26.1,50.5,1.46,0.769,0.364,0.985,1.46,0.364,0.985,0.769,2,0.3780695035
3,5/4/23 16:51,26,50.5,1.46,0.769,0.361,0.979,1.46,0.361,0.979,0.769,2,0.3735169425
3,5/4/23 16:51,26,50.5,1.46,0.768,0.36,0.974,1.46,0.36,0.974,0.768,2,0.3724822695
3,5/4/23 16:51,25.9,50.6,1.46,0.769,0.358,0.97,1.46,0.358,0.97,0.769,2,0.3697189283
3,5/4/23 16:51,25.9,50.7,1.46,0.77,0.356,0.966,1.46,0.356,0.965,0.769,2,0.3683800473
3,5/4/23 16:51,25.8,50.7,1.45,0.769,0.354,0.962,1.45,0.354,0.962,0.769,2,0.3648961702
3,5/4/23 16:51,25.8,50.7,1.45,0.768,0.353,0.959,1.45,0.353,0.959,0.768,2,0.3638653901
3,5/4/23 16:51,25.7,50.8,1.45,0.769,0.353,0.956,1.45,0.353,0.956,0.769,2,0.3631699606
3,5/4/23 16:51,25.7,50.9,1.45,0.769,0.353,0.953,1.45,0.353,0.953,0.769,2,0.3638848621
3,5/4/23 16:52,25.6,51,1.45,0.77,0.351,0.951,1.45,0.351,0.951,0.77,2,0.3611234043
3,5/4/23 16:52,25.6,51.1,1.45,0.769,0.349,0.948,1.45,0.349,0.948,0.769,2,0.3597697715
3,5/4/23 16:52,25.5,51.1,1.45,0.769,0.35,0.946,1.45,0.35,0.946,0.769,2,0.359391253
3,5/4/23 16:52,25.5,51.2,1.45,0.769,0.35,0.944,1.45,0.35,0.944,0.769,2,0.3600945626
3,5/4/23 16:52,25.4,51.4,1.45,0.769,0.349,0.942,1.45,0.349,0.941,0.769,2,0.3590547203
3,5/4/23 16:52,25.3,51.5,1.45,0.768,0.347,0.939,1.45,0.347,0.939,0.768,2,0.3562834121
3,5/4/23 16:52,25.3,51.5,1.45,0.769,0.347,0.937,1.45,0.347,0.937,0.769,2,0.3562834121
3,5/4/23 16:52,25.2,51.7,1.45,0.769,0.347,0.936,1.45,0.347,0.936,0.769,2,0.3562533333
3,5/4/23 16:52,25.2,51.8,1.45,0.768,0.347,0.934,1.45,0.347,0.934,0.768,2,0.3569424113
3,5/4/23 16:52,25.2,51.9,1.45,0.768,0.346,0.932,1.45,0.346,0.932,0.768,2,0.3566008511
3,5/4/23 16:52,25.1,52,1.45,0.767,0.344,0.93,1.45,0.344,0.93,0.767,2,0.3538130812
3,5/4/23 16:52,25.1,52,1.45,0.765,0.343,0.929,1.45,0.343,0.929,0.765,2,0.3527845548
3,5/4/23 16:53,25.1,52.1,1.45,0.764,0.342,0.928,1.45,0.341,0.928,0.764,2,0.3524324823
3,5/4/23 16:53,25.1,52.1,1.45,0.763,0.34,0.927,1.45,0.34,0.927,0.763,2,0.3503714736
3,5/4/23 16:53,25,52.1,1.45,0.761,0.337,0.926,1.45,0.337,0.926,0.761,2,0.3458963751
3,5/4/23 16:53,25,52.1,1.45,0.76,0.336,0.924,1.45,0.336,0.924,0.759,2,0.3448699764
3,5/4/23 16:53,25,52.2,1.44,0.759,0.336,0.923,1.44,0.336,0.923,0.759,2,0.3455319149
3,5/4/23 16:53,25,52.3,1.45,0.759,0.338,0.921,1.45,0.338,0.921,0.759,2,0.3482545311
3,5/4/23 16:53,25,52.4,1.45,0.758,0.339,0.92,1.45,0.339,0.92,0.758,2,0.3499527187
3,5/4/23 16:53,24.9,52.4,1.44,0.758,0.34,0.919,1.44,0.341,0.919,0.758,2,0.3495810875
3,5/4/23 16:53,25,52.5,1.44,0.757,0.341,0.919,1.44,0.341,0.919,0.757,2,0.3526891253
3,5/4/23 16:53,24.9,52.6,1.44,0.752,0.341,0.915,1.44,0.341,0.915,0.751,2,0.3519474704
3,5/4/23 16:53,24.9,52.7,1.44,0.756,0.34,0.918,1.45,0.34,0.917,0.757,2,0.3515825059
3,5/4/23 16:53,24.9,52.7,1.43,0.741,0.335,0.905,1.41,0.329,0.901,0.732,2,0.3464121749